{
    "APARTMENT": {
        "Unnamed: 0": -0.013873822851219197,
        "id": -0.004428284298947823,
        "post code": -0.009310363709231856,
        "Price": 1.0,
        "Median price PC": 0.5147886962795338,
        "Garden": 0.03470564544660237,
        "Terrace": 0.1323692309005024,
        "Living area": 0.5066539301983275,
        "Bedrooms": 0.39182178481918795,
        "Surface of the plot": 0,
        "Garden surface": 0.051521737373419446,
        "Swimming pool": 0.031093598589386533,
        "Open fire": 0.11327523602061464,
        "Terrace surface": 0.3066658740668005,
        "Number of frontages": 0.05734899652698629,
        "Building condition": 0.18041996167024762,
        "Kitchen type": 0.16479069568090854
    },
    "HOUSE": {
        "Unnamed: 0": 0.01978818663026287,
        "id": 0.03565689914913334,
        "post code": -0.15962694134833702,
        "Price": 1.0,
        "Median price PC": 0.5039296838782041,
        "Garden": 0.06325080071266367,
        "Terrace": 0.12199333921609655,
        "Living area": 0.5210779782214715,
        "Bedrooms": 0.3845984989791398,
        "Surface of the plot": 0.35680001460981114,
        "Garden surface": 0.1391634827098799,
        "Swimming pool": 0.3059540658174389,
        "Open fire": 0.15354376859836905,
        "Terrace surface": 0.1261317283095815,
        "Number of frontages": 0.21590353887952152,
        "Building condition": 0.22257650882683055,
        "Kitchen type": 0.22392687699654165
    },
    "OTHERS": {
        "Unnamed: 0": -0.025763079023050358,
        "id": 0.08211122933721872,
        "post code": -0.2207027001037007,
        "Price": 1.0,
        "Median price PC": 0.3107619827171213,
        "Garden": 0.007800368724313493,
        "Terrace": 0.11541821970721956,
        "Living area": 0.6000238614905231,
        "Bedrooms": 0.578536095895624,
        "Surface of the plot": 0.35216006610230904,
        "Garden surface": 0.1517899163204002,
        "Swimming pool": 0.27250682588971903,
        "Open fire": 0.11914892570943816,
        "Terrace surface": 0.18463989296204328,
        "Number of frontages": 0.25391265214641257,
        "Building condition": 0.2855408671764427,
        "Kitchen type": 0.21054751302872016
    }
}